split_scheme,model,feature_group,train_n,test_n,train_dropout_rate,test_dropout_rate,n_features_raw,n_numeric_features,n_categorical_features,AUPRC,AUPRC_CI95_low,AUPRC_CI95_high,AUROC,Precision@0.5,Recall@0.5,F1@0.5,BalancedAcc@0.5,variant
latest_presentation_holdout,logreg,F4_structural_only,21333,11260,0.296723386302911,0.3397868561278863,39,33,6,0.8416082845743826,0.8322647881812582,0.8511236847256992,0.8561164699960806,0.8210492436433859,0.6667537898588605,0.7359007644598298,0.7959811456692742,baseline_orig_json
latest_presentation_holdout,logreg,F3,21333,11260,0.296723386302911,0.3397868561278863,38,32,6,0.8405623121208176,0.8312363197918646,0.8500097973219808,0.8551943986326932,0.8312334217506632,0.6552535284892839,0.732826658871675,0.7933921664507221,baseline_orig_json
latest_presentation_holdout,logreg,F4_delta_only,21333,11260,0.296723386302911,0.3397868561278863,39,33,6,0.8400765845752811,0.8309073230440495,0.8491576116534004,0.8534291168099101,0.8208955223880597,0.6612650287506534,0.732484076433121,0.7935057992825099,baseline_orig_json
latest_presentation_holdout,logreg,F4_behavioral_only,21333,11260,0.296723386302911,0.3397868561278863,40,34,6,0.8399160155496194,0.8304231045037768,0.8497773163974331,0.8545930446862517,0.8421949556918882,0.6458442237323575,0.7310650887573964,0.7917814069966603,baseline_orig_json
latest_presentation_holdout,logreg,F4_all,21333,11260,0.296723386302911,0.3397868561278863,42,36,6,0.8395342367681937,0.8299866173571719,0.8488173878062049,0.852533379292751,0.8259162303664922,0.6596968112911658,0.7335077012496367,0.7940668613894624,baseline_orig_json
latest_presentation_holdout,logreg,F1,21333,11260,0.296723386302911,0.3397868561278863,22,16,6,0.8383473873554225,0.8285318367733181,0.8479542211762638,0.8537666400726462,0.830270631473438,0.6495033978044955,0.7288458718287139,0.7905843596501627,baseline_orig_json
latest_presentation_holdout,xgboost,F4_behavioral_only,21333,11260,0.296723386302911,0.3397868561278863,40,34,6,0.8322057450005911,0.8219940262924839,0.8409165762344768,0.8461847776727237,0.829879679144385,0.648980658651333,0.7283660897623937,0.7902557315317467,baseline_orig_json
latest_presentation_holdout,xgboost,F4_all,21333,11260,0.296723386302911,0.3397868561278863,42,36,6,0.8291470669303747,0.8185323559608476,0.8375905790566504,0.8431204531924849,0.8112528622832843,0.6481965499215891,0.720616010460555,0.7852900963221074,baseline_orig_json
latest_presentation_holdout,xgboost,F4_delta_only,21333,11260,0.296723386302911,0.3397868561278863,39,33,6,0.8288790810744888,0.8184552010929006,0.8376228640174226,0.8430031287000108,0.8159203980099502,0.6429691583899634,0.7191931004239146,0.7841560884766605,baseline_orig_json
latest_presentation_holdout,xgboost,F4_structural_only,21333,11260,0.296723386302911,0.3397868561278863,39,33,6,0.8279771889953127,0.8167908675128775,0.8366070447825069,0.8421753177394773,0.8011583011583011,0.650810245687402,0.7182001730602827,0.7838393439897866,baseline_orig_json
latest_presentation_holdout,xgboost,F3,21333,11260,0.296723386302911,0.3397868561278863,38,32,6,0.8272226117844417,0.8163821010319651,0.8358556150624876,0.8419377505846537,0.7863864491844417,0.6552535284892839,0.714856002281152,0.7818236972551342,baseline_orig_json
latest_presentation_holdout,lightgbm,F4_delta_only,21333,11260,0.296723386302911,0.3397868561278863,39,33,6,0.8269202472778192,0.8157678606080592,0.8362718139124918,0.8406128135643849,0.8110749185667753,0.650810245687402,0.7221577726218097,0.7863951685795094,baseline_orig_json
latest_presentation_holdout,lightgbm,F4_all,21333,11260,0.296723386302911,0.3397868561278863,42,36,6,0.8260852090683858,0.8155813036538295,0.834905601678344,0.8395175857354793,0.7870544090056285,0.6578672242550967,0.7166856492027335,0.7831305451380407,baseline_orig_json
latest_presentation_holdout,lightgbm,F3,21333,11260,0.296723386302911,0.3397868561278863,38,32,6,0.824378894045829,0.8132699772825095,0.8331931780335938,0.8373710608398338,0.7811038353601497,0.6547307893361213,0.7123560358310821,0.7801498983000219,baseline_orig_json
latest_presentation_holdout,xgboost,F1,21333,11260,0.296723386302911,0.3397868561278863,22,16,6,0.824294500609491,0.8131476500187759,0.8334071053949571,0.840442768641445,0.7566517189835575,0.6615263983272347,0.7058987588899736,0.7760147461100795,baseline_orig_json
latest_presentation_holdout,lightgbm,F4_structural_only,21333,11260,0.296723386302911,0.3397868561278863,39,33,6,0.8227857443979695,0.8114586579881928,0.8316420393770806,0.8371041010342135,0.7828823159219634,0.6502875065342394,0.710451170759566,0.7787353594010987,baseline_orig_json
latest_presentation_holdout,lightgbm,F4_behavioral_only,21333,11260,0.296723386302911,0.3397868561278863,40,34,6,0.8189254023488689,0.8074620716582636,0.8279905625892783,0.8335344761027201,0.753075307530753,0.6560376372190277,0.701215253527029,0.7726650386794627,baseline_orig_json
latest_presentation_holdout,lightgbm,F1,21333,11260,0.296723386302911,0.3397868561278863,22,16,6,0.8164230137796812,0.8053880687801305,0.8253623180545742,0.8326456121061719,0.6982570806100218,0.6701515943544172,0.6839157108562284,0.7605533328242358,baseline_orig_json
latest_presentation_holdout,lightgbm,F4_behavioral_only,21333,11260,0.296723386302911,0.3397868561278863,39,33,6,0.809428878193725,0.7988173170317031,0.8190017232377536,0.8358462995004234,0.8246683399067766,0.6011500261369577,0.6953892668178382,0.7676855861112553,drop_active_at_w4
latest_presentation_holdout,xgboost,F4_behavioral_only,21333,11260,0.296723386302911,0.3397868561278863,39,33,6,0.8087210578691454,0.7987355666245696,0.8180934015746014,0.8344362433323333,0.8332729249728162,0.6008886565603764,0.6982536066818527,0.7695053990361742,drop_active_at_w4
latest_presentation_holdout,lightgbm,F4_delta_only,21333,11260,0.296723386302911,0.3397868561278863,38,32,6,0.8086107006969411,0.7991638622563331,0.818308470250876,0.8352214595602829,0.8269230769230769,0.5956612650287506,0.6924946824673351,0.7657483080591695,drop_active_at_w4
latest_presentation_holdout,xgboost,F4_all,21333,11260,0.296723386302911,0.3397868561278863,41,35,6,0.8084901904777285,0.7984571701548547,0.8181333158517299,0.8341842259628238,0.8341855368882396,0.5969681129116571,0.6959171237050579,0.7679486784628234,drop_active_at_w4
latest_presentation_holdout,xgboost,F4_delta_only,21333,11260,0.296723386302911,0.3397868561278863,38,32,6,0.808132743083519,0.798101254199959,0.8174312320806139,0.8345739950139377,0.8254139668826493,0.5993204391008886,0.69442761962447,0.76703982676056,drop_active_at_w4
latest_presentation_holdout,lightgbm,F4_all,21333,11260,0.296723386302911,0.3397868561278863,41,35,6,0.8078448181721625,0.798267383677658,0.8175289611033979,0.8344256781510364,0.8259608411892676,0.5953998954521693,0.6919805589307412,0.7654158476453744,drop_active_at_w4
latest_presentation_holdout,lightgbm,F4_structural_only,21333,11260,0.296723386302911,0.3397868561278863,38,32,6,0.8077874888803429,0.7971682528935892,0.8177731861756693,0.8342715249483836,0.8242271746944644,0.5993204391008886,0.6940072639225182,0.7667707925932208,drop_active_at_w4
latest_presentation_holdout,lightgbm,F3,21333,11260,0.296723386302911,0.3397868561278863,37,31,6,0.8072058268584895,0.7964106986374556,0.8166998246534171,0.8335474144944583,0.8240343347639485,0.6021955044432828,0.6958622772576261,0.7680065496389135,drop_active_at_w4
latest_presentation_holdout,xgboost,F4_structural_only,21333,11260,0.296723386302911,0.3397868561278863,38,32,6,0.8063508489608321,0.7958341982165165,0.8159434210636611,0.8327760332044136,0.8107167710508003,0.6089911134343963,0.6955223880597015,0.7679069099590599,drop_active_at_w4
latest_presentation_holdout,xgboost,F3,21333,11260,0.296723386302911,0.3397868561278863,37,31,6,0.8062757863780308,0.7959604184873438,0.8151674822459886,0.8316455412262868,0.8178280863105766,0.6042864610559331,0.6950248008417256,0.7675050814830379,drop_active_at_w4
latest_presentation_holdout,xgboost,F1,21333,11260,0.296723386302911,0.3397868561278863,21,15,6,0.8048930304787654,0.7944932445314208,0.8146589214382285,0.8319404345977657,0.7959866220735786,0.6220595922634605,0.6983568075117371,0.7700020856124943,drop_active_at_w4
latest_presentation_holdout,lightgbm,F1,21333,11260,0.296723386302911,0.3397868561278863,21,15,6,0.8026985807467341,0.792372274229366,0.8127783780120135,0.8303621617577425,0.7993848257006152,0.6113434396236278,0.6928317535545023,0.7661909557547786,drop_active_at_w4
latest_presentation_holdout,logreg,F4_all,21333,11260,0.296723386302911,0.3397868561278863,41,35,6,0.7839306505939951,0.7730246388981281,0.7969129485816814,0.8188866345147632,0.7426265135051227,0.6251960271824359,0.6788704413225486,0.7568406824101579,drop_active_at_w4
latest_presentation_holdout,logreg,F4_behavioral_only,21333,11260,0.296723386302911,0.3397868561278863,39,33,6,0.7834925293870922,0.7724953809650118,0.7964269048614837,0.8190408404554257,0.7409825870646766,0.6228437009932044,0.6767963646691281,0.755395485148203,drop_active_at_w4
latest_presentation_holdout,logreg,F4_delta_only,21333,11260,0.296723386302911,0.3397868561278863,38,32,6,0.7819046112922041,0.7707054594943016,0.7947364480276257,0.8203985277797818,0.7345241761626117,0.623366440146367,0.6743955888590414,0.7537063570115747,drop_active_at_w4
latest_presentation_holdout,logreg,F3,21333,11260,0.296723386302911,0.3397868561278863,37,31,6,0.7815502633000102,0.7703167221294757,0.7944008756312251,0.8200350222575497,0.7361887026691496,0.6199686356508103,0.6730987514188422,0.752814557265814,drop_active_at_w4
latest_presentation_holdout,logreg,F4_structural_only,21333,11260,0.296723386302911,0.3397868561278863,38,32,6,0.7815056895913824,0.7702159659634894,0.7943660752901849,0.8200729936246074,0.7376591120769947,0.6210141139571353,0.6743295019157088,0.7536735891281507,drop_active_at_w4
latest_presentation_holdout,logreg,F1,21333,11260,0.296723386302911,0.3397868561278863,21,15,6,0.7501230118454969,0.7358295321932539,0.7630518692311657,0.8103977486635837,0.6298112282422162,0.6714584422373235,0.6499683744465529,0.734168822948094,drop_active_at_w4
latest_presentation_holdout,logreg,F3,21333,11260,0.296723386302911,0.3397868561278863,37,31,6,0.8418403334969289,0.8323850011808124,0.8513892565953168,0.85703527160286,0.820032310177706,0.6633559853633038,0.7334200260078023,0.794214984879661,drop_never_active_until_w4
latest_presentation_holdout,logreg,F4_structural_only,21333,11260,0.296723386302911,0.3397868561278863,38,32,6,0.8407271939963475,0.8311498659907559,0.8503866973650241,0.8542462395337904,0.8099147458162299,0.6704129639309985,0.7335907335907336,0.7947168397809419,drop_never_active_until_w4
latest_presentation_holdout,logreg,F4_delta_only,21333,11260,0.296723386302911,0.3397868561278863,38,32,6,0.8406877839172072,0.831169188374219,0.8505378741351108,0.8553409399825977,0.8331112591605596,0.6536853110297961,0.7325717633274751,0.7931461260556567,drop_never_active_until_w4
latest_presentation_holdout,logreg,F4_behavioral_only,21333,11260,0.296723386302911,0.3397868561278863,39,33,6,0.840625477320626,0.83116766957864,0.8501562188884052,0.8557859081506384,0.8263866097801116,0.658128593831678,0.7327222464717008,0.793484528285223,drop_never_active_until_w4
latest_presentation_holdout,logreg,F4_all,21333,11260,0.296723386302911,0.3397868561278863,41,35,6,0.8406150741549578,0.8312742337562817,0.8499343059741388,0.8554475762384186,0.8181818181818182,0.6633559853633038,0.7326789838337182,0.7937441750868173,drop_never_active_until_w4
latest_presentation_holdout,logreg,F1,21333,11260,0.296723386302911,0.3397868561278863,22,16,6,0.8383473873554225,0.8285318367733181,0.8479542211762638,0.8537666400726462,0.830270631473438,0.6495033978044955,0.7288458718287139,0.7905843596501627,drop_never_active_until_w4
latest_presentation_holdout,xgboost,F4_behavioral_only,21333,11260,0.296723386302911,0.3397868561278863,39,33,6,0.830314736799423,0.8197302227004234,0.838867629642819,0.8434218509185063,0.8203691496374423,0.6505488761108207,0.7256559766763848,0.7886185327554373,drop_never_active_until_w4
latest_presentation_holdout,xgboost,F3,21333,11260,0.296723386302911,0.3397868561278863,37,31,6,0.8289571268954554,0.818238137831153,0.8374662083405496,0.8434249273024114,0.8055735580038885,0.6497647673810768,0.7193287037037037,0.7845272585896506,drop_never_active_until_w4
latest_presentation_holdout,xgboost,F4_structural_only,21333,11260,0.296723386302911,0.3397868561278863,38,32,6,0.8289407760086597,0.8183068652302683,0.837424993038131,0.8427389112709003,0.8056446440025657,0.6565603763721902,0.7235023041474654,0.7875215118341985,drop_never_active_until_w4
latest_presentation_holdout,xgboost,F4_delta_only,21333,11260,0.296723386302911,0.3397868561278863,38,32,6,0.8283329109112353,0.8178860031284867,0.837126454189856,0.8419333557505033,0.8074433656957929,0.6521170935703084,0.7215153267784846,0.7860397143934406,drop_never_active_until_w4
latest_presentation_holdout,xgboost,F4_all,21333,11260,0.296723386302911,0.3397868561278863,41,35,6,0.8266337018064547,0.8160807097896043,0.8353376202949346,0.8410477790898994,0.793168880455408,0.6555148980658652,0.7178019461934745,0.7837703626729648,drop_never_active_until_w4
latest_presentation_holdout,lightgbm,F3,21333,11260,0.296723386302911,0.3397868561278863,37,31,6,0.82462684598994,0.8136268335195693,0.8337552365026095,0.8374957510743436,0.7919441801458929,0.652639832723471,0.715575297320533,0.7821983129180982,drop_never_active_until_w4
latest_presentation_holdout,xgboost,F1,21333,11260,0.296723386302911,0.3397868561278863,22,16,6,0.824294500609491,0.8131476500187759,0.8334071053949571,0.840442768641445,0.7566517189835575,0.6615263983272347,0.7058987588899736,0.7760147461100795,drop_never_active_until_w4
latest_presentation_holdout,lightgbm,F4_delta_only,21333,11260,0.296723386302911,0.3397868561278863,38,32,6,0.8229229843565881,0.8119639875915828,0.8316467301132424,0.836797728355934,0.7722650231124807,0.6549921589127026,0.708810634987979,0.7777920170404244,drop_never_active_until_w4
latest_presentation_holdout,lightgbm,F4_behavioral_only,21333,11260,0.296723386302911,0.3397868561278863,39,33,6,0.8224267239302665,0.8115170815693062,0.8316179109892826,0.836895153039376,0.7698461538461538,0.6539466806063774,0.7071791972866026,0.7766639510107485,drop_never_active_until_w4
latest_presentation_holdout,lightgbm,F4_structural_only,21333,11260,0.296723386302911,0.3397868561278863,38,32,6,0.8214239931515714,0.8103411329799134,0.8303763135374745,0.8362683969515462,0.7468204673173617,0.659958180867747,0.7007076453448037,0.7724057786232736,drop_never_active_until_w4
latest_presentation_holdout,lightgbm,F4_all,21333,11260,0.296723386302911,0.3397868561278863,41,35,6,0.8195858049755167,0.8083297293335703,0.8285269069617772,0.8334883830821527,0.7626756261453879,0.652639832723471,0.7033802816901409,0.7740600293560858,drop_never_active_until_w4
latest_presentation_holdout,lightgbm,F1,21333,11260,0.296723386302911,0.3397868561278863,22,16,6,0.8164230137796812,0.8053880687801305,0.8253623180545742,0.8326456121061719,0.6982570806100218,0.6701515943544172,0.6839157108562284,0.7605533328242358,drop_never_active_until_w4
latest_presentation_holdout,logreg,F4_behavioral_only,21333,11260,0.296723386302911,0.3397868561278863,39,33,6,0.8404001926042907,0.830966791450012,0.8500739679275592,0.8560814871162448,0.8272667107875579,0.6534239414532148,0.7301401869158879,0.7916030118888351,drop_inactive_gap_days_w4
latest_presentation_holdout,logreg,F4_delta_only,21333,11260,0.296723386302911,0.3397868561278863,38,32,6,0.8395862155543534,0.8300971569999895,0.8490675431711031,0.8525097878230325,0.8345563709139426,0.6539466806063774,0.7332942555685815,0.7936131035531214,drop_inactive_gap_days_w4
latest_presentation_holdout,logreg,F4_structural_only,21333,11260,0.296723386302911,0.3397868561278863,38,32,6,0.8395835069095505,0.8301139948708022,0.8489496010431521,0.8542166007722813,0.8202794930126747,0.6596968112911658,0.7312762566999855,0.7926544320109312,drop_inactive_gap_days_w4
latest_presentation_holdout,logreg,F4_all,21333,11260,0.296723386302911,0.3397868561278863,41,35,6,0.8394521851994313,0.8298719468379036,0.8490076109940136,0.8535894403597097,0.8224697019325253,0.656299006795609,0.7300479720889664,0.7916953737233359,drop_inactive_gap_days_w4
latest_presentation_holdout,logreg,F3,21333,11260,0.296723386302911,0.3397868561278863,37,31,6,0.8391259101004992,0.8294203338030125,0.848649301412137,0.8506659263656438,0.80875,0.676424464192368,0.7366922857956163,0.7970500044932785,drop_inactive_gap_days_w4
latest_presentation_holdout,logreg,F1,21333,11260,0.296723386302911,0.3397868561278863,22,16,6,0.8383473873554225,0.8285318367733181,0.8479542211762638,0.8537666400726462,0.830270631473438,0.6495033978044955,0.7288458718287139,0.7905843596501627,drop_inactive_gap_days_w4
latest_presentation_holdout,xgboost,F3,21333,11260,0.296723386302911,0.3397868561278863,37,31,6,0.8299835483783069,0.819424365505799,0.8387749076549357,0.8440312386217743,0.8114807566862361,0.6502875065342394,0.7219965177016832,0.7862683160865978,drop_inactive_gap_days_w4
latest_presentation_holdout,xgboost,F4_structural_only,21333,11260,0.296723386302911,0.3397868561278863,38,32,6,0.8289057212275295,0.8184209404452226,0.8377621358901117,0.842602618674234,0.817641228939544,0.6468897020386827,0.7223113964686998,0.7863181359265246,drop_inactive_gap_days_w4
latest_presentation_holdout,xgboost,F4_behavioral_only,21333,11260,0.296723386302911,0.3397868561278863,39,33,6,0.8285435873262357,0.8180032952137672,0.8371384988218826,0.8428832024657198,0.8129708483458893,0.6487192890747517,0.7216165140282018,0.7859550171496976,drop_inactive_gap_days_w4
latest_presentation_holdout,lightgbm,F4_delta_only,21333,11260,0.296723386302911,0.3397868561278863,38,32,6,0.8283182222656442,0.8178103170399421,0.8373226535992038,0.8409039273784948,0.8142485361093038,0.6542080501829587,0.7255072463768116,0.788699397703801,drop_inactive_gap_days_w4
latest_presentation_holdout,xgboost,F4_delta_only,21333,11260,0.296723386302911,0.3397868561278863,38,32,6,0.8282993204727737,0.8175599639478872,0.83731274758547,0.8425280647077098,0.80192,0.6549921589127026,0.7210473313192346,0.7858630420606021,drop_inactive_gap_days_w4
latest_presentation_holdout,lightgbm,F3,21333,11260,0.296723386302911,0.3397868561278863,37,31,6,0.8260954713019375,0.8156209377076656,0.8351560859632433,0.8379664905498408,0.8060135790494666,0.6515943544171459,0.7206243676831912,0.7854420521076851,drop_inactive_gap_days_w4
latest_presentation_holdout,xgboost,F4_all,21333,11260,0.296723386302911,0.3397868561278863,41,35,6,0.8253112040169852,0.8149275438267869,0.8340686790959291,0.8400215325778156,0.7760689018763457,0.6594354417145845,0.7130139889783806,0.7807535024015484,drop_inactive_gap_days_w4
latest_presentation_holdout,xgboost,F1,21333,11260,0.296723386302911,0.3397868561278863,22,16,6,0.824294500609491,0.8131476500187759,0.8334071053949571,0.840442768641445,0.7566517189835575,0.6615263983272347,0.7058987588899736,0.7760147461100795,drop_inactive_gap_days_w4
latest_presentation_holdout,lightgbm,F4_structural_only,21333,11260,0.296723386302911,0.3397868561278863,38,32,6,0.8238112910136093,0.8127096426259799,0.8328078137043203,0.8368034064816562,0.7804651162790698,0.6578672242550967,0.7139412849241242,0.7813145645085007,drop_inactive_gap_days_w4
latest_presentation_holdout,lightgbm,F4_behavioral_only,21333,11260,0.296723386302911,0.3397868561278863,39,33,6,0.8230434781518386,0.8121476546251492,0.8317146163672907,0.8370079420630069,0.7759207675642216,0.6552535284892839,0.71050021255491,0.7789315799562373,drop_inactive_gap_days_w4
latest_presentation_holdout,lightgbm,F4_all,21333,11260,0.296723386302911,0.3397868561278863,41,35,6,0.8222251096239332,0.8111991339750906,0.8313820960155958,0.8360626308166335,0.7694427434170239,0.6568217459487715,0.7086858432036097,0.7777651909727716,drop_inactive_gap_days_w4
latest_presentation_holdout,lightgbm,F1,21333,11260,0.296723386302911,0.3397868561278863,22,16,6,0.8164230137796812,0.8053880687801305,0.8253623180545742,0.8326456121061719,0.6982570806100218,0.6701515943544172,0.6839157108562284,0.7605533328242358,drop_inactive_gap_days_w4
latest_presentation_holdout,logreg,F3,21333,11260,0.296723386302911,0.3397868561278863,37,31,6,0.8406030606090079,0.8310344414266096,0.8498300412845722,0.8520734335299265,0.8222725801230172,0.6638787245164662,0.7346348517715112,0.7950144227909208,drop_assess_submit_ratio_w4
latest_presentation_holdout,logreg,F4_delta_only,21333,11260,0.296723386302911,0.3397868561278863,38,32,6,0.8405476821225167,0.8310355545573717,0.8501390372432123,0.8531380381544734,0.834491890102615,0.6589127025614219,0.7363808967430991,0.7958270803633044,drop_assess_submit_ratio_w4
latest_presentation_holdout,logreg,F4_all,21333,11260,0.296723386302911,0.3397868561278863,41,35,6,0.8395179360749774,0.8300708551282189,0.849127534450518,0.8516050848442069,0.847544338335607,0.6495033978044955,0.735424681858538,0.7946871307020864,drop_assess_submit_ratio_w4
latest_presentation_holdout,logreg,F4_structural_only,21333,11260,0.296723386302911,0.3397868561278863,38,32,6,0.8394710771639557,0.8297577834074288,0.8491408242109739,0.8511570227129248,0.838655462184874,0.6521170935703084,0.7337156300544038,0.793774446704444,drop_assess_submit_ratio_w4
latest_presentation_holdout,logreg,F4_behavioral_only,21333,11260,0.296723386302911,0.3397868561278863,39,33,6,0.8381325549719044,0.8285281940614837,0.8475402859127794,0.8475158147227928,0.8319022457067371,0.6583899634082593,0.7350452290633207,0.7949603839102097,drop_assess_submit_ratio_w4
latest_presentation_holdout,logreg,F1,21333,11260,0.296723386302911,0.3397868561278863,21,15,6,0.8375258960616687,0.8277438522571191,0.8471697156434433,0.8496057868925935,0.8247557003257329,0.661787767903816,0.734338747099768,0.7947087884447785,drop_assess_submit_ratio_w4
latest_presentation_holdout,xgboost,F3,21333,11260,0.296723386302911,0.3397868561278863,37,31,6,0.8293573796619464,0.8182816066482046,0.8381005698654062,0.8443054235347376,0.810159557147509,0.6502875065342394,0.7214731042482239,0.7859320233774236,drop_assess_submit_ratio_w4
latest_presentation_holdout,xgboost,F4_behavioral_only,21333,11260,0.296723386302911,0.3397868561278863,39,33,6,0.8292342383729417,0.8184803858345632,0.8382024877563047,0.8431449236290331,0.8140373893079699,0.6487192890747517,0.7220363636363636,0.7862240513170369,drop_assess_submit_ratio_w4
latest_presentation_holdout,xgboost,F4_delta_only,21333,11260,0.296723386302911,0.3397868561278863,38,32,6,0.8284494271077147,0.8177645398986799,0.836911467833338,0.8424614038633195,0.804305912596401,0.6542080501829587,0.7215335831651772,0.7861435731140782,drop_assess_submit_ratio_w4
latest_presentation_holdout,xgboost,F4_all,21333,11260,0.296723386302911,0.3397868561278863,41,35,6,0.8273158432938051,0.816641238466164,0.836059101030476,0.8415466103452849,0.7844908128308938,0.6583899634082593,0.7159300838425465,0.7826520707544391,drop_assess_submit_ratio_w4
latest_presentation_holdout,xgboost,F4_structural_only,21333,11260,0.296723386302911,0.3397868561278863,38,32,6,0.8261178456031504,0.8154537082144588,0.8347389222069757,0.8410016333313222,0.7881835323695788,0.6555148980658652,0.7157534246575342,0.7824251918362686,drop_assess_submit_ratio_w4
latest_presentation_holdout,lightgbm,F3,21333,11260,0.296723386302911,0.3397868561278863,37,31,6,0.8258831731064767,0.8147954426664693,0.8347364065465988,0.839063669685109,0.7946683592510314,0.65446941975954,0.7177870144761359,0.7837184333126459,drop_assess_submit_ratio_w4
latest_presentation_holdout,lightgbm,F4_behavioral_only,21333,11260,0.296723386302911,0.3397868561278863,39,33,6,0.8248771989222157,0.8137220389944453,0.833872401484907,0.8393963058922702,0.7938471297177292,0.6542080501829587,0.717294741366958,0.7833859728988508,drop_assess_submit_ratio_w4
latest_presentation_holdout,xgboost,F1,21333,11260,0.296723386302911,0.3397868561278863,21,15,6,0.8209441657716159,0.809930312316487,0.8300475170403437,0.8372099286405505,0.7339290861919862,0.665446941975954,0.6980123372172721,0.7706438368744446,drop_assess_submit_ratio_w4
latest_presentation_holdout,lightgbm,F4_structural_only,21333,11260,0.296723386302911,0.3397868561278863,38,32,6,0.8203405085596717,0.8090896311502702,0.8293895765551575,0.8349221537753173,0.743801652892562,0.6586513329848406,0.6986415303576379,0.7709452521798026,drop_assess_submit_ratio_w4
latest_presentation_holdout,lightgbm,F4_delta_only,21333,11260,0.296723386302911,0.3397868561278863,38,32,6,0.819960660610469,0.8087000482738828,0.8290318859765207,0.8340632977063467,0.758411639890876,0.6539466806063774,0.7023157894736842,0.7733682824608428,drop_assess_submit_ratio_w4
latest_presentation_holdout,lightgbm,F4_all,21333,11260,0.296723386302911,0.3397868561278863,41,35,6,0.8186265306866741,0.8072129310676319,0.8276974311779344,0.8327187245670947,0.7424464652390731,0.6615263983272347,0.6996544574982723,0.7717101994326515,drop_assess_submit_ratio_w4
latest_presentation_holdout,lightgbm,F1,21333,11260,0.296723386302911,0.3397868561278863,21,15,6,0.8134755231505348,0.8020913282280386,0.8225594585197893,0.830905996114826,0.6741514360313315,0.6748562467328802,0.6745036572622779,0.7534894631565935,drop_assess_submit_ratio_w4
latest_presentation_holdout,logreg,F4_structural_only,21333,11260,0.296723386302911,0.3397868561278863,38,32,6,0.8407002024033445,0.8313267961498575,0.850253095937182,0.8554575613016079,0.8331108144192256,0.6523784631468897,0.731750219876869,0.7925599606560383,drop_assess_due_but_missing_ratio_w4
latest_presentation_holdout,logreg,F4_delta_only,21333,11260,0.296723386302911,0.3397868561278863,38,32,6,0.840377141616576,0.8309475978597154,0.8501516240197596,0.8557188957195159,0.8369491525423729,0.645321484579195,0.7287485242030697,0.7903093836670525,drop_assess_due_but_missing_ratio_w4
latest_presentation_holdout,logreg,F4_behavioral_only,21333,11260,0.296723386302911,0.3397868561278863,39,33,6,0.8397584694247582,0.8301409997770313,0.8494647599627625,0.8544242830548836,0.8232786885245902,0.656299006795609,0.7303664921465969,0.7918971493488403,drop_assess_due_but_missing_ratio_w4
latest_presentation_holdout,logreg,F3,21333,11260,0.296723386302911,0.3397868561278863,37,31,6,0.8394042784542057,0.8297558107082332,0.848770576796041,0.8516314538491082,0.8243331164606376,0.6623105070569786,0.7344927536231884,0.7948356409376902,drop_assess_due_but_missing_ratio_w4
latest_presentation_holdout,logreg,F4_all,21333,11260,0.296723386302911,0.3397868561278863,41,35,6,0.8386677549993569,0.8291262353943162,0.8480555747237726,0.8515254504494052,0.8216726326065734,0.659958180867747,0.7319901434990579,0.793121409508396,drop_assess_due_but_missing_ratio_w4
latest_presentation_holdout,logreg,F1,21333,11260,0.296723386302911,0.3397868561278863,22,16,6,0.8383473873554225,0.8285318367733181,0.8479542211762638,0.8537666400726462,0.830270631473438,0.6495033978044955,0.7288458718287139,0.7905843596501627,drop_assess_due_but_missing_ratio_w4
latest_presentation_holdout,xgboost,F4_behavioral_only,21333,11260,0.296723386302911,0.3397868561278863,39,33,6,0.830314736799423,0.8197302227004234,0.838867629642819,0.8434218509185063,0.8203691496374423,0.6505488761108207,0.7256559766763848,0.7886185327554373,drop_assess_due_but_missing_ratio_w4
latest_presentation_holdout,xgboost,F3,21333,11260,0.296723386302911,0.3397868561278863,37,31,6,0.8289352956080144,0.8181952104643253,0.8374155030871171,0.8433705368349684,0.8047203362431297,0.6505488761108207,0.7194681312328371,0.7846502787871833,drop_assess_due_but_missing_ratio_w4
latest_presentation_holdout,xgboost,F4_all,21333,11260,0.296723386302911,0.3397868561278863,41,35,6,0.8266337018064547,0.8160807097896043,0.8353376202949346,0.8410477790898994,0.793168880455408,0.6555148980658652,0.7178019461934745,0.7837703626729648,drop_assess_due_but_missing_ratio_w4
latest_presentation_holdout,xgboost,F4_delta_only,21333,11260,0.296723386302911,0.3397868561278863,38,32,6,0.8260495185811831,0.8153983018622609,0.8351860727114456,0.8399077591113351,0.7899716177861873,0.6547307893361213,0.7160211519222524,0.7825712058060752,drop_assess_due_but_missing_ratio_w4
latest_presentation_holdout,lightgbm,F3,21333,11260,0.296723386302911,0.3397868561278863,37,31,6,0.82462684598994,0.8136268335195693,0.8337552365026095,0.8374957510743436,0.7919441801458929,0.652639832723471,0.715575297320533,0.7821983129180982,drop_assess_due_but_missing_ratio_w4
latest_presentation_holdout,xgboost,F1,21333,11260,0.296723386302911,0.3397868561278863,22,16,6,0.824294500609491,0.8131476500187759,0.8334071053949571,0.840442768641445,0.7566517189835575,0.6615263983272347,0.7058987588899736,0.7760147461100795,drop_assess_due_but_missing_ratio_w4
latest_presentation_holdout,xgboost,F4_structural_only,21333,11260,0.296723386302911,0.3397868561278863,38,32,6,0.8241004608524909,0.8135282727367592,0.8328984840200649,0.8386991269820175,0.7712895377128953,0.6628332462101412,0.7129603598538093,0.7808381996452912,drop_assess_due_but_missing_ratio_w4
latest_presentation_holdout,lightgbm,F4_structural_only,21333,11260,0.296723386302911,0.3397868561278863,38,32,6,0.8230279239298932,0.811765539812372,0.8317547110537699,0.8375489637262342,0.7509658246656761,0.6604809200209095,0.7028229731608956,0.7738778019528815,drop_assess_due_but_missing_ratio_w4
latest_presentation_holdout,lightgbm,F4_delta_only,21333,11260,0.296723386302911,0.3397868561278863,38,32,6,0.8229229843565881,0.8119639875915828,0.8316467301132424,0.836797728355934,0.7722650231124807,0.6549921589127026,0.708810634987979,0.7777920170404244,drop_assess_due_but_missing_ratio_w4
latest_presentation_holdout,lightgbm,F4_behavioral_only,21333,11260,0.296723386302911,0.3397868561278863,39,33,6,0.8214997694161785,0.8102169928795276,0.8310509592583228,0.8356992131910842,0.7696335078534031,0.6531625718766335,0.7066308497101654,0.7762718966458766,drop_assess_due_but_missing_ratio_w4
latest_presentation_holdout,lightgbm,F4_all,21333,11260,0.296723386302911,0.3397868561278863,41,35,6,0.8177322269361738,0.8063693208317354,0.8264530766837592,0.8325307663001587,0.7238041002277904,0.6644014636696288,0.6928318342872717,0.7669599462550458,drop_assess_due_but_missing_ratio_w4
latest_presentation_holdout,lightgbm,F1,21333,11260,0.296723386302911,0.3397868561278863,22,16,6,0.8164230137796812,0.8053880687801305,0.8253623180545742,0.8326456121061719,0.6982570806100218,0.6701515943544172,0.6839157108562284,0.7605533328242358,drop_assess_due_but_missing_ratio_w4
latest_presentation_holdout,lightgbm,F4_delta_only,21333,11260,0.296723386302911,0.3397868561278863,36,30,6,0.8102716836498917,0.801070862917775,0.8199978328043148,0.8352150431024239,0.8285406182602444,0.6024568740198641,0.697639225181598,0.7691461125547263,drop_state_bundle
latest_presentation_holdout,xgboost,F4_delta_only,21333,11260,0.296723386302911,0.3397868561278863,36,30,6,0.8095694037280415,0.8000102682065463,0.8193702856363668,0.8355280256112653,0.830093592512599,0.6027182435964453,0.6983646274984857,0.7696130900521909,drop_state_bundle
latest_presentation_holdout,xgboost,F4_behavioral_only,21333,11260,0.296723386302911,0.3397868561278863,37,31,6,0.809389012225266,0.7995405976521834,0.8191398274820043,0.8356269093796449,0.8203401842664777,0.605070569785677,0.6964500601684718,0.7684352041825883,drop_state_bundle
latest_presentation_holdout,lightgbm,F4_all,21333,11260,0.296723386302911,0.3397868561278863,39,33,6,0.8091653382228978,0.7997542431783214,0.8190538120470646,0.8350132674769195,0.8361498897869214,0.5948771562990068,0.6951740989615149,0.7674412684911769,drop_state_bundle
latest_presentation_holdout,lightgbm,F4_behavioral_only,21333,11260,0.296723386302911,0.3397868561278863,37,31,6,0.8090566330960585,0.7994835062052368,0.8186237912084126,0.835446158640715,0.8200851667849539,0.6040250914793518,0.6956652618904274,0.7679124650294257,drop_state_bundle
latest_presentation_holdout,xgboost,F3,21333,11260,0.296723386302911,0.3397868561278863,35,29,6,0.8089413155726057,0.7990523197985684,0.8183938023007467,0.833550684251066,0.8230905861456483,0.6055933089388396,0.6977864779400693,0.7693019006356829,drop_state_bundle
latest_presentation_holdout,xgboost,F4_all,21333,11260,0.296723386302911,0.3397868561278863,39,33,6,0.8087839733180257,0.7991055903747939,0.8185335247712501,0.8345920665719633,0.8290136789056876,0.6019341348667016,0.6974560872198667,0.7690192600618146,drop_state_bundle
latest_presentation_holdout,lightgbm,F3,21333,11260,0.296723386302911,0.3397868561278863,35,29,6,0.8079086602393759,0.7975268934775429,0.8178946655111401,0.8326371212865936,0.8288288288288288,0.6011500261369577,0.6968641114982579,0.7686272056969427,drop_state_bundle
latest_presentation_holdout,lightgbm,F4_structural_only,21333,11260,0.296723386302911,0.3397868561278863,36,30,6,0.8066979059776007,0.7960356388518893,0.8161508892790578,0.8316771137148218,0.8217857142857142,0.601411395713539,0.6945366737096287,0.7671436854811977,drop_state_bundle
latest_presentation_holdout,xgboost,F4_structural_only,21333,11260,0.296723386302911,0.3397868561278863,36,30,6,0.8065350804711794,0.7962386621913238,0.8157625645727264,0.8305308882304373,0.8321905449296283,0.6027182435964453,0.6991056540851902,0.7700838998450346,drop_state_bundle
latest_presentation_holdout,xgboost,F1,21333,11260,0.296723386302911,0.3397868561278863,21,15,6,0.8048930304787654,0.7944932445314208,0.8146589214382285,0.8319404345977657,0.7959866220735786,0.6220595922634605,0.6983568075117371,0.7700020856124943,drop_state_bundle
latest_presentation_holdout,lightgbm,F1,21333,11260,0.296723386302911,0.3397868561278863,21,15,6,0.8026985807467341,0.792372274229366,0.8127783780120135,0.8303621617577425,0.7993848257006152,0.6113434396236278,0.6928317535545023,0.7661909557547786,drop_state_bundle
latest_presentation_holdout,logreg,F4_all,21333,11260,0.296723386302911,0.3397868561278863,39,33,6,0.783651250484197,0.7724949601843537,0.7961569554523987,0.8182787058964329,0.7261223260018078,0.6299006795608991,0.6745976207137858,0.7538123252526046,drop_state_bundle
latest_presentation_holdout,logreg,F4_behavioral_only,21333,11260,0.296723386302911,0.3397868561278863,37,31,6,0.7836269085676866,0.7722398234971444,0.7961095400784358,0.8188398031620585,0.7303712720632989,0.6272869837950863,0.6749156355455568,0.7540524238318989,drop_state_bundle
latest_presentation_holdout,logreg,F4_delta_only,21333,11260,0.296723386302911,0.3397868561278863,36,30,6,0.7803996510038655,0.7688186229481562,0.7928030472892653,0.8188109027326868,0.7333538840937115,0.6217982226868792,0.672984441301273,0.7527204726563264,drop_state_bundle
latest_presentation_holdout,logreg,F3,21333,11260,0.296723386302911,0.3397868561278863,35,29,6,0.7766587285413066,0.7644533806756608,0.7890018777853649,0.8166965304436842,0.7226255293405929,0.6244119184526921,0.6699383062254627,0.7505298763638225,drop_state_bundle
latest_presentation_holdout,logreg,F4_structural_only,21333,11260,0.296723386302911,0.3397868561278863,36,30,6,0.7765394600764799,0.76438951823005,0.788837306115812,0.8164409972068543,0.7240960194469767,0.6228437009932044,0.6696641843473373,0.750351094510592,drop_state_bundle
latest_presentation_holdout,logreg,F1,21333,11260,0.296723386302911,0.3397868561278863,21,15,6,0.7501230118454969,0.7358295321932539,0.7630518692311657,0.8103977486635837,0.6298112282422162,0.6714584422373235,0.6499683744465529,0.734168822948094,drop_state_bundle
latest_presentation_holdout,logreg,F4_behavioral_only,21333,11260,0.296723386302911,0.3397868561278863,38,32,6,0.8410252874135613,0.8316218770912623,0.8505041704921363,0.8542457121536924,0.8338298576630255,0.6583899634082593,0.7357966992843581,0.7954311937030535,drop_assess_behavior_bundle
latest_presentation_holdout,logreg,F3,21333,11260,0.296723386302911,0.3397868561278863,36,30,6,0.8409017756335064,0.8315223351585554,0.8503766846606647,0.8540573319826777,0.8346613545816733,0.6570831155253528,0.7353027200935947,0.7950468039289396,drop_assess_behavior_bundle
latest_presentation_holdout,logreg,F4_structural_only,21333,11260,0.296723386302911,0.3397868561278863,37,31,6,0.8404384956251464,0.8307887390980824,0.8498685172325653,0.8529395322855768,0.8347162296714238,0.6573444851019341,0.7354876443924551,0.7951774887172302,drop_assess_behavior_bundle
latest_presentation_holdout,logreg,F4_delta_only,21333,11260,0.296723386302911,0.3397868561278863,37,31,6,0.8404052848075989,0.8308680420884077,0.8499483529493083,0.853060196852005,0.8371859296482412,0.6531625718766335,0.7338129496402878,0.7938936346065977,drop_assess_behavior_bundle
latest_presentation_holdout,logreg,F4_all,21333,11260,0.296723386302911,0.3397868561278863,40,34,6,0.8389871434118525,0.8295989503385204,0.8485389181024167,0.8505150604989353,0.8318908122503329,0.6531625718766335,0.7317715959004393,0.7926157223117362,drop_assess_behavior_bundle
latest_presentation_holdout,logreg,F1,21333,11260,0.296723386302911,0.3397868561278863,21,15,6,0.8375258960616687,0.8277438522571191,0.8471697156434433,0.8496057868925935,0.8247557003257329,0.661787767903816,0.734338747099768,0.7947087884447785,drop_assess_behavior_bundle
latest_presentation_holdout,xgboost,F4_delta_only,21333,11260,0.296723386302911,0.3397868561278863,37,31,6,0.8329667601609723,0.8226852612981549,0.8420367014134963,0.8467658450647277,0.8289650537634409,0.6447987454260324,0.7253748897383122,0.7881647749190963,drop_assess_behavior_bundle
latest_presentation_holdout,xgboost,F4_behavioral_only,21333,11260,0.296723386302911,0.3397868561278863,38,32,6,0.8307371845442506,0.8202696021276226,0.8394914731612979,0.8442217458925176,0.8211221122112211,0.6502875065342394,0.7257876312718786,0.788689623592651,drop_assess_behavior_bundle
latest_presentation_holdout,xgboost,F4_structural_only,21333,11260,0.296723386302911,0.3397868561278863,37,31,6,0.8305148914153748,0.8196559969898748,0.8396084635437542,0.844967039447047,0.8235685752330226,0.6466283324621014,0.7244509516837482,0.7876671390585999,drop_assess_behavior_bundle
latest_presentation_holdout,xgboost,F4_all,21333,11260,0.296723386302911,0.3397868561278863,40,34,6,0.8302208645105431,0.8194030497911368,0.8388938526511897,0.843997521454174,0.8278056951423786,0.6458442237323575,0.7255909558067831,0.7883512213630848,drop_assess_behavior_bundle
latest_presentation_holdout,lightgbm,F4_delta_only,21333,11260,0.296723386302911,0.3397868561278863,37,31,6,0.828275813615579,0.81755192649373,0.8369610970937712,0.8413699380124464,0.8127450980392157,0.6500261369576581,0.7223351728144061,0.7864739240074812,drop_assess_behavior_bundle
latest_presentation_holdout,xgboost,F3,21333,11260,0.296723386302911,0.3397868561278863,36,30,6,0.8267876632459179,0.8161052227708225,0.8357391197422844,0.8413874470317009,0.7881727158948686,0.6583899634082593,0.7174594132725719,0.7836609488819613,drop_assess_behavior_bundle
latest_presentation_holdout,lightgbm,F4_structural_only,21333,11260,0.296723386302911,0.3397868561278863,37,31,6,0.8248236347199581,0.8139599530087102,0.8343443267858156,0.8377853003274959,0.7822305063684374,0.658128593831678,0.714833215046132,0.781916059089635,drop_assess_behavior_bundle
latest_presentation_holdout,lightgbm,F4_behavioral_only,21333,11260,0.296723386302911,0.3397868561278863,38,32,6,0.822406209560119,0.8115585708997622,0.8311310143832912,0.8367230161753806,0.7615873977582551,0.6570831155253528,0.7054861793180861,0.7756090853386786,drop_assess_behavior_bundle
latest_presentation_holdout,lightgbm,F4_all,21333,11260,0.296723386302911,0.3397868561278863,40,34,6,0.8213788476921767,0.80990427236372,0.8301437738007291,0.8356404454688275,0.7686887254901961,0.6557762676424465,0.7077574047954867,0.7771079347359394,drop_assess_behavior_bundle
latest_presentation_holdout,xgboost,F1,21333,11260,0.296723386302911,0.3397868561278863,21,15,6,0.8209441657716159,0.809930312316487,0.8300475170403437,0.8372099286405505,0.7339290861919862,0.665446941975954,0.6980123372172721,0.7706438368744446,drop_assess_behavior_bundle
latest_presentation_holdout,lightgbm,F3,21333,11260,0.296723386302911,0.3397868561278863,36,30,6,0.8202996200553496,0.809059552328542,0.8295972933983496,0.8337965488527654,0.7591372079089275,0.6623105070569786,0.707426018983808,0.7770793858932996,drop_assess_behavior_bundle
latest_presentation_holdout,lightgbm,F1,21333,11260,0.296723386302911,0.3397868561278863,21,15,6,0.8134755231505348,0.8020913282280386,0.8225594585197893,0.830905996114826,0.6741514360313315,0.6748562467328802,0.6745036572622779,0.7534894631565935,drop_assess_behavior_bundle
latest_presentation_holdout,lightgbm,F4_all,21333,11260,0.296723386302911,0.3397868561278863,37,31,6,0.8106754515918021,0.8012598687692338,0.8203315963095132,0.8369702695446712,0.8253400143163923,0.6027182435964453,0.6966767371601208,0.7685369533828339,drop_all_proxy_bundle
latest_presentation_holdout,lightgbm,F4_behavioral_only,21333,11260,0.296723386302911,0.3397868561278863,35,29,6,0.8106598779344948,0.8014321372538408,0.8207334895438656,0.83749938999702,0.824203365556749,0.6016727652901203,0.6955733494485572,0.7678124386041669,drop_all_proxy_bundle
latest_presentation_holdout,xgboost,F4_delta_only,21333,11260,0.296723386302911,0.3397868561278863,34,28,6,0.8101601774026326,0.8010208489576504,0.8198407553363634,0.8365171797231212,0.8319479580773401,0.6016727652901203,0.6983163961777643,0.7695611606918721,drop_all_proxy_bundle
latest_presentation_holdout,lightgbm,F4_delta_only,21333,11260,0.296723386302911,0.3397868561278863,34,28,6,0.8083400195555308,0.7991792588663953,0.8180398423756812,0.8343472391511234,0.822861199858005,0.6058546785154209,0.6978774650007527,0.7693653268821388,drop_all_proxy_bundle
latest_presentation_holdout,xgboost,F4_structural_only,21333,11260,0.296723386302911,0.3397868561278863,34,28,6,0.8082392471609903,0.7988504302008939,0.8172570867898183,0.8324629627988892,0.8234877962504422,0.6084683742812337,0.6998346610551631,0.7706721747650451,drop_all_proxy_bundle
latest_presentation_holdout,lightgbm,F3,21333,11260,0.296723386302911,0.3397868561278863,33,27,6,0.8077322826073137,0.7972520582331667,0.8168730633231093,0.831578669429857,0.8273406906372375,0.6074228959749085,0.7005275056518463,0.7710910551975699,drop_all_proxy_bundle
latest_presentation_holdout,xgboost,F4_behavioral_only,21333,11260,0.296723386302911,0.3397868561278863,35,29,6,0.8077267028145392,0.7980923849005623,0.8174729190607493,0.8340905984160878,0.8205767176931292,0.6024568740198641,0.694800301431801,0.7673301319251863,drop_all_proxy_bundle
latest_presentation_holdout,xgboost,F4_all,21333,11260,0.296723386302911,0.3397868561278863,37,31,6,0.8075806167809134,0.7979654598703272,0.8175303321071208,0.8337656267996847,0.8207681365576103,0.6032409827496079,0.6953901777643868,0.7677221862900582,drop_all_proxy_bundle
latest_presentation_holdout,lightgbm,F4_structural_only,21333,11260,0.296723386302911,0.3397868561278863,34,28,6,0.8074360587307423,0.7971253078418339,0.8165489044859613,0.8319290959256582,0.8232574679943101,0.605070569785677,0.6974992467610727,0.7691077896009364,drop_all_proxy_bundle
latest_presentation_holdout,xgboost,F1,21333,11260,0.296723386302911,0.3397868561278863,20,14,6,0.8055019893871229,0.795939572776913,0.8150220733450453,0.8329902550002313,0.7989203778677463,0.6189231573444851,0.6974963181148748,0.769375487738694,drop_all_proxy_bundle
latest_presentation_holdout,xgboost,F3,21333,11260,0.296723386302911,0.3397868561278863,33,27,6,0.8051344927589695,0.7953347115962313,0.8141575483879618,0.8293735174466478,0.8164335664335665,0.6102979613173026,0.6984744241699072,0.7698382461953746,drop_all_proxy_bundle
latest_presentation_holdout,lightgbm,F1,21333,11260,0.296723386302911,0.3397868561278863,20,14,6,0.8039972790803397,0.7937538823832342,0.8138487426105435,0.8328365940190035,0.7896678966789668,0.6152639832723471,0.6916409578375202,0.7654608859057458,drop_all_proxy_bundle
latest_presentation_holdout,logreg,F4_all,21333,11260,0.296723386302911,0.3397868561278863,37,31,6,0.7817409625649766,0.7708065650152937,0.7945303855016699,0.818531496756753,0.7411545623836127,0.6241505488761108,0.677639046538025,0.7559816505478214,drop_all_proxy_bundle
latest_presentation_holdout,logreg,F4_delta_only,21333,11260,0.296723386302911,0.3397868561278863,34,28,6,0.7808824297086796,0.7692099001618123,0.7935110591885923,0.8201564251561151,0.7344423906346272,0.6231050705697857,0.6742081447963801,0.753575672223284,drop_all_proxy_bundle
latest_presentation_holdout,logreg,F4_behavioral_only,21333,11260,0.296723386302911,0.3397868561278863,35,29,6,0.7800141142360202,0.7689569226908128,0.7926330756544376,0.8170066650999962,0.7375886524822695,0.6251960271824359,0.676757674352808,0.7553609944897921,drop_all_proxy_bundle
latest_presentation_holdout,logreg,F4_structural_only,21333,11260,0.296723386302911,0.3397868561278863,34,28,6,0.7741639057725569,0.7618611625911139,0.7869409359808152,0.8157160956827821,0.7289922480620155,0.6144798745426032,0.6668557651396965,0.7484559717076751,drop_all_proxy_bundle
latest_presentation_holdout,logreg,F3,21333,11260,0.296723386302911,0.3397868561278863,33,27,6,0.774013761556867,0.7617968686143224,0.7867873963771734,0.8156094594269614,0.7286245353159851,0.6147412441191845,0.6668556847178906,0.748452139412296,drop_all_proxy_bundle
latest_presentation_holdout,logreg,F1,21333,11260,0.296723386302911,0.3397868561278863,20,14,6,0.7465134230777759,0.7322184025427603,0.7594601240455852,0.8097493875710715,0.6394968553459119,0.6644014636696288,0.6517113190616588,0.7358192413855273,drop_all_proxy_bundle
